model_family,cfg_name,run_name,accuracy,precision,recall,f1,roc_auc,pr_auc,recall_at_precision_30,threshold_at_precision_30
tree,tree_baseline,tree_hist_gbc_baseline,0.620532319391635,0.41954022988505746,0.15498938428874734,0.22635658914728682,0.5221269659190388,0.38849881823490084,1.0,0.025771378636155213
linear,interactions_on,logreg_interactions_on,0.6387832699619772,0.375,0.012738853503184714,0.024640657084188913,0.525553174147976,0.37801025173535974,1.0,0.13453426223043452
tree,tree_tuned,tree_hist_gbc_tuned,0.6182509505703422,0.41621621621621624,0.16348195329087048,0.2347560975609756,0.5110810919592277,0.37524320155824054,1.0,0.016405102232377573
linear,baseline,logreg_baseline,0.6418250950570342,0.0,0.0,0.0,0.4947399402300239,0.3533118886036102,1.0,0.2635474892697575
linear,interactions_off,logreg_interactions_off,0.6418250950570342,0.0,0.0,0.0,0.4947399402300239,0.3533118886036102,1.0,0.2635474892697575
linear,balanced,logreg_balanced,0.5011406844106464,0.353870458135861,0.47558386411889597,0.4057971014492754,0.4933664382527847,0.3524489084967659,1.0,0.38861353947792066
